X,Y,OBJECTID,LEVEL_,LOC_TYPE,LOC,SCH_NAME,ADDRESS,CITY,ST,ZIP,PHONE,SCH_AB,SCH_WEB
1208762.48625,276708.042500004,1,C,JCPS,165,BROWN SCHOOL,546 S 1ST ST,LOUISVILLE,KY,40202,485-8216,BROWN,https://www.jefferson.kyschools.us/schools/profiles/brown
1240036.125,259481.0625,2,C,JCPS,186,ESL NEWCOMER ACADEMY,3741 PULLIAM DR,LOUISVILLE,KY,40218,485-6324,NEWCOMER,https://www.jefferson.kyschools.us/schools/profiles/esl-newcomer-academy
1251270.09625,278159.543750003,3,C,JCPS,201,PHOENIX SCHOOL OF DISCOVERY,502 WOOD RD,LOUISVILLE,KY,40222,485-7700,PHOENIX,https://www.jefferson.kyschools.us/schools/profiles/phoenix-school-discovery
1241069.875,235948.172499999,4,S,JCPS,155,MOORE HIGH,6415 OUTER LOOP,LOUISVILLE,KY,40228,485-8304,MOORE TRAD,https://www.jefferson.kyschools.us/schools/profiles/moore-traditional
1196031.875,282315.375,5,E,JCPS,185,ATKINSON ELEMENTARY,2811 DUNCAN ST,LOUISVILLE,KY,40212,485-8203,ATKINSON,https://www.jefferson.kyschools.us/schools/profiles/atkinson-academy
1202945.875,234862.71875,6,E,JCPS,127,AUBURNDALE ELEMENTARY,5749 NEW CUT RD,LOUISVILLE,KY,40214,485-8204,AUBURNDALE,https://www.jefferson.kyschools.us/schools/profiles/auburndale
1214807.625,261290.5,7,E,JCPS,44,AUDUBON TRADITIONAL ELEM,1051 HESS LN,LOUISVILLE,KY,40217,485-8205,AUDUBON TRAD,https://www.jefferson.kyschools.us/schools/profiles/audubon
1258279.0,234803.875,8,E,JCPS,55,BATES ELEMENTARY,7601 BARDSTOWN RD,LOUISVILLE,KY,40291,485-8208,BATES,https://www.jefferson.kyschools.us/schools/profiles/bates
1225031.0,230258.703749999,9,E,JCPS,149,BLAKE ELEMENTARY,3801 BONAVENTURE BV,LOUISVILLE,KY,40219,485-8210,BLAKE,https://www.jefferson.kyschools.us/schools/profiles/blake
1218292.125,271647.28125,10,E,JCPS,225,BLOOM ELEMENTARY,1627 LUCIA AV,LOUISVILLE,KY,40204,485-8211,BLOOM,https://www.jefferson.kyschools.us/schools/profiles/bloom
1225708.0,224038.797499999,11,E,JCPS,91,BLUE LICK ELEMENTARY,9801 BLUE LICK RD,LOUISVILLE,KY,40229,485-8212,BLUE LICK ELEM,https://www.jefferson.kyschools.us/schools/profiles/blue-lick
1258133.125,283130.125,12,E,JCPS,94,BOWEN ELEMENTARY,1601 ROOSEVELT AV,LOUISVILLE,KY,40222,485-8213,BOWEN,https://www.jefferson.kyschools.us/schools/profiles/bowen
1195216.22499999,274794.422499999,13,E,JCPS,260,BRANDEIS ELEMENTARY,2817 W KENTUCKY ST,LOUISVILLE,KY,40211,485-8214,BRANDEIS,https://www.jefferson.kyschools.us/schools/profiles/brandeis
1217287.625,276330.125,14,E,JCPS,38,BRECKINRIDGE/FRANKLIN ELEM,1351 PAYNE ST,LOUISVILLE,KY,40206,485-8215,BRECKINRIDGE/FRANKLIN,https://www.jefferson.kyschools.us/schools/profiles/breckinridge-franklin
1198148.0,278888.65625,15,E,JCPS,243,BYCK ELEMENTARY,2328 CEDAR ST,LOUISVILLE,KY,40212,485-8221,BYCK,https://www.jefferson.kyschools.us/schools/profiles/byck
1218250.75,256989.234999999,16,E,JCPS,4,CAMP TAYLOR ELEMENTARY,1446 BELMAR DR,LOUISVILLE,KY,40213,485-8222,CAMP TAYLOR,https://www.jefferson.kyschools.us/schools/profiles/camp-taylor
1188728.875,262274.21875,17,E,JCPS,5,CANE RUN ELEMENTARY,3951 CANE RUN RD,LOUISVILLE,KY,40211,485-8223,CANE RUN,https://www.jefferson.kyschools.us/schools/profiles/cane-run
1190926.125,268978.5625,18,E,JCPS,680,CARTER TRADITIONAL ELEM,3600 BOHNE AV,LOUISVILLE,KY,40211,485-8225,CARTER,https://www.jefferson.kyschools.us/schools/profiles/carter
1168351.0,247138.359999999,19,H,JCPS,285,CENTER AT RIVERPORT,7401 RIVERPORT DR,LOUISVILLE,KY,40258,933-1849,CENTER AT RIVERPORT, 
1271645.25,296467.21875,20,E,JCPS,102,CHANCEY ELEMENTARY,4301 MURPHY LN,LOUISVILLE,KY,40241,485-8387,CHANCEY,https://www.jefferson.kyschools.us/schools/profiles/chancey
1232914.875,280930.65625,21,E,JCPS,46,CHENOWETH ELEMENTARY,3622 BROWNSBORO RD,LOUISVILLE,KY,40207,485-8227,CHENOWETH,https://www.jefferson.kyschools.us/schools/profiles/chenoweth
1205286.5,267484.6875,22,E,JCPS,323,COCHRAN ELEMENTARY,500 W GAULBERT AV,LOUISVILLE,KY,40208,485-8230,COCHRAN,https://www.jefferson.kyschools.us/schools/profiles/cochran
1259888.5,261303.984999999,23,E,JCPS,83,COCHRANE ELEMENTARY,2511 TREGARON AV,LOUISVILLE,KY,40299,485-8231,COCHRANE,https://www.jefferson.kyschools.us/schools/profiles/cochrane
1203906.25,277083.34375,24,E,JCPS,660,COLERIDGE TAYLOR MONTESSORI,1115 W CHESTNUT ST,LOUISVILLE,KY,40203,485-8232,COLERIDGE-TAYLOR,https://www.jefferson.kyschools.us/schools/profiles/coleridge-taylor
1211909.0,220148.78125,25,E,JCPS,60,CORAL RIDGE ELEMENTARY,10608 NATIONAL TP,LOUISVILLE,KY,40118,485-8234,CORAL RIDGE,https://www.jefferson.kyschools.us/schools/profiles/coral-ridge
1183740.875,256258.641249999,26,E,JCPS,92,CRUMS LANE ELEMENTARY,3212 S CRUMS LN,LOUISVILLE,KY,40216,485-8236,CRUMS LANE,https://www.jefferson.kyschools.us/schools/profiles/crums-lane
1173718.625,225546.953749999,27,E,JCPS,82,DIXIE ELEMENTARY,10201 CASA LANDA DR,LOUISVILLE,KY,40272,485-8238,DIXIE,https://www.jefferson.kyschools.us/schools/profiles/dixie
1240340.25,288545.21875,28,E,JCPS,156,DUNN ELEMENTARY,2010 RUDY LN,LOUISVILLE,KY,40207,485-8240,DUNN,https://www.jefferson.kyschools.us/schools/profiles/dunn
1178814.0,236198.828749999,29,E,JCPS,131,EISENHOWER ELEMENTARY,5300 JESSAMINE LN,LOUISVILLE,KY,40258,485-8244,EISENHOWER,https://www.jefferson.kyschools.us/schools/profiles/eisenhower
1208124.375,272315.8125,30,E,JCPS,240,ENGELHARD ELEMENTARY,1004 S 1ST ST,LOUISVILLE,KY,40203,485-8246,ENGELHARD,https://www.jefferson.kyschools.us/schools/profiles/engelhard
1205260.5,223814.90625,31,E,JCPS,10,FAIRDALE ELEMENTARY,10104 MITCHELL HILL RD,LOUISVILLE,KY,40118,485-8247,FAIRDALE ELEM,https://www.jefferson.kyschools.us/schools/profiles/fairdale
1267734.4225,239732.958749995,32,E,JCPS,212,FARMER ELEMENTARY,6405 GELLHAUS LN,LOUISVILLE,KY,40299,485-8625,FARMER,https://www.jefferson.kyschools.us/schools/profiles/farmer
1253630.5,241979.6875,33,E,JCPS,11,FERN CREEK ELEMENTARY,8815 FERNDALE RD,LOUISVILLE,KY,40291,485-8250,FERN CREEK ELEM,https://www.jefferson.kyschools.us/schools/profiles/fern-creek-elementary
1230280.0,277107.5625,34,E,JCPS,250,FIELD ELEMENTARY,120 SACRED HEART LN,LOUISVILLE,KY,40206,485-8252,FIELD,https://www.jefferson.kyschools.us/schools/profiles/field
1189315.625,272187.59375,35,E,JCPS,270,FOSTER TRADITIONAL ACADEMY,1401 S 41ST ST,LOUISVILLE,KY,40211,485-8253,FOSTER,https://www.jefferson.kyschools.us/schools/profiles/foster
1200834.25,261649.40625,36,E,JCPS,290,FRAYSER ELEMENTARY,1230 LARCHMONT AV,LOUISVILLE,KY,40215,485-8255,FRAYSER,https://www.jefferson.kyschools.us/schools/profiles/frayser
1236437.62375,260869.783749998,37,E,JCPS,61,GOLDSMITH ELEMENTARY,3520 GOLDSMITH LN,LOUISVILLE,KY,40220,485-8258,GOLDSMITH LANE,https://www.jefferson.kyschools.us/schools/profiles/goldsmith
1246121.875,267383.59375,38,E,JCPS,13,GREATHOUSE/SHRYOCK TRAD ELEM,2700 BROWNS LN,LOUISVILLE,KY,40220,485-8259,GREATHOUSE/SHYROCK,https://www.jefferson.kyschools.us/schools/profiles/greathouse-shryock
1177088.5,239084.5,39,E,JCPS,14,GREENWOOD ELEMENTARY,5801 GREENWOOD RD,LOUISVILLE,KY,40258,485-8260,GREENWOOD,https://www.jefferson.kyschools.us/schools/profiles/greenwood
1192717.25,250632.5625,40,E,JCPS,115,GUTERMUTH ELEMENTARY,1500 SANDERS LN,LOUISVILLE,KY,40216,485-8261,GUTERMUTH,https://www.jefferson.kyschools.us/schools/profiles/gutermuth
1233024.125,236800.828749999,41,E,JCPS,121,HARTSTERN ELEMENTARY,5200 MORNINGSIDE WY,LOUISVILLE,KY,40219,485-8262,HARTSTERN,https://www.jefferson.kyschools.us/schools/profiles/hartstern
1232023.0,264857.5625,42,E,JCPS,48,HAWTHORNE ELEMENTARY,2301 CLARENDON AV,LOUISVILLE,KY,40205,485-8263,HAWTHORNE,https://www.jefferson.kyschools.us/schools/profiles/hawthorne
1199038.625,251613.922499999,43,E,JCPS,300,HAZELWOOD ELEMENTARY,1325 BLUEGRASS AV,LOUISVILLE,KY,40215,485-8264,HAZELWOOD,https://www.jefferson.kyschools.us/schools/profiles/hazelwood
1274544.5,271302.40625,44,E,JCPS,95,HITE ELEMENTARY,12408 OLD SHELBYVILLE RD,LOUISVILLE,KY,40243,485-8267,HITE,https://www.jefferson.kyschools.us/schools/profiles/hite
1226255.375,247668.8125,45,E,JCPS,76,INDIAN TRAIL ELEMENTARY,3709 E INDIAN TL,LOUISVILLE,KY,40213,485-8268,INDIAN TRAIL,https://www.jefferson.kyschools.us/schools/profiles/indian-trail
1196197.25624999,255690.761250004,46,E,JCPS,325,JACOB ELEMENTARY,3701 E WHEATMORE DR,LOUISVILLE,KY,40215,485-8271,JACOB ELEM,https://www.jefferson.kyschools.us/schools/profiles/jacob
1257033.5,254177.9375,47,E,JCPS,166,JEFFERSONTOWN ELEMENTARY,3610 CEDARWOOD WY,LOUISVILLE,KY,40299,485-8274,JEFFERSONTOWN ELEM,https://www.jefferson.kyschools.us/schools/profiles/jeffersontown-elementary
1167689.0,228980.25,48,E,JCPS,106,JOHNSONTOWN ROAD ELEMENTARY,7201 JOHNSONTOWN RD,LOUISVILLE,KY,40272,485-8278,JOHNSONTOWN ROAD,https://www.jefferson.kyschools.us/schools/profiles/johnsontown-road
1189817.9375,270244.78125,49,E,JCPS,720,KENNEDY MONTESSORI ELEMENTARY,3800 GIBSON LN,LOUISVILLE,KY,40211,485-8280,KENNEDY,https://www.jefferson.kyschools.us/schools/profiles/kennedy-montessori
1198345.75,238753.641249999,50,E,JCPS,59,KENWOOD ELEMENTARY,7420 JUSTAN AV,LOUISVILLE,KY,40214,485-8283,KENWOOD,https://www.jefferson.kyschools.us/schools/profiles/kenwood
1184113.31125,246414.556250006,51,E,JCPS,79,KERRICK ELEMENTARY,2210 UPPER HUNTERS TC,LOUISVILLE,KY,40216,485-8284,KERRICK,https://www.jefferson.kyschools.us/schools/profiles/kerrick
1188641.0,279833.84375,52,E,JCPS,432,KING ELEMENTARY,4325 VERMONT AV,LOUISVILLE,KY,40211,485-8285,KING,https://www.jefferson.kyschools.us/schools/profiles/king
1241825.375,261200.46875,53,E,JCPS,134,KLONDIKE LANE ELEMENTARY,3807 KLONDIKE LN,LOUISVILLE,KY,40218,485-8286,KLONDIKE LANE,https://www.jefferson.kyschools.us/schools/profiles/klondike
1233326.125,221699.90625,54,E,JCPS,145,LAUKHUF ELEMENTARY,5100 CAPEWOOD DR,LOUISVILLE,KY,40229,485-8289,LAUKHUF,https://www.jefferson.kyschools.us/schools/profiles/laukhuf
1180730.5,226366.8125,55,E,JCPS,126,LAYNE ELEMENTARY,9831 EAST AV,LOUISVILLE,KY,40272,485-8290,LAYNE,https://www.jefferson.kyschools.us/schools/profiles/layne
1214034.0,277974.46875,56,E,JCPS,520,LINCOLN ELEMENTARY,930 E MAIN ST,LOUISVILLE,KY,40206,485-8291,LINCOLN,https://www.jefferson.kyschools.us/schools/profiles/lincoln
1254978.625,274167.46875,57,E,JCPS,146,LOWE ELEMENTARY,210 OXFORDSHIRE LN,LOUISVILLE,KY,40222,485-8293,LOWE,https://www.jefferson.kyschools.us/schools/profiles/lowe
1243683.0,239446.71875,58,E,JCPS,107,LUHR ELEMENTARY,6900 FEGENBUSH LN,LOUISVILLE,KY,40228,485-8295,LUHR,https://www.jefferson.kyschools.us/schools/profiles/luhr
1194583.8475,271610.453749999,59,E,JCPS,480,MAUPIN ELEMENTARY,1312 CATALPA ST,LOUISVILLE,KY,40211,485-8310,MAUPIN,https://www.jefferson.kyschools.us/schools/profiles/maupin
1202042.75,266473.25,60,E,JCPS,440,MCFERRAN PREPARATORY,1900 S 7TH ST,LOUISVILLE,KY,40208,485-8297,MCFERRAN,https://www.jefferson.kyschools.us/schools/profiles/mcferran
1172796.5,219042.6875,61,E,JCPS,22,MEDORA ELEMENTARY,11801 DEERING RD,LOUISVILLE,KY,40272,485-8298,MEDORA,https://www.jefferson.kyschools.us/schools/profiles/medora
1269442.75,275195.875,62,E,JCPS,24,MIDDLETOWN ELEMENTARY,218 N MADISON AV,LOUISVILLE,KY,40243,485-8300,MIDDLETOWN,https://www.jefferson.kyschools.us/schools/profiles/middletown
1192047.25,258171.547499999,63,E,JCPS,147,MILL CREEK ELEMENTARY,3816 DIXIE HY,LOUISVILLE,KY,40216,485-8301,MILL CREEK,https://www.jefferson.kyschools.us/schools/profiles/mill-creek
1219188.25,231072.609999999,64,E,JCPS,99,MINORS LANE ELEMENTARY,8510 MINOR LN,LOUISVILLE,KY,40219,485-8303,MINORS LANE,https://www.jefferson.kyschools.us/schools/profiles/minors-lane
1253067.5,293331.5,65,E,JCPS,96,NORTON ELEMENTARY,8101 BROWNSBORO RD,LOUISVILLE,KY,40222,485-8308,NORTON,https://www.jefferson.kyschools.us/schools/profiles/norton
1226267.25,236598.1875,66,E,JCPS,27,OKOLONA ELEMENTARY,7606 PRESTON HY,LOUISVILLE,KY,40219,485-8309,OKOLONA,https://www.jefferson.kyschools.us/schools/profiles/okolona
1194531.75,285782.375,67,E,JCPS,500,PORTLAND ELEMENTARY,3410 NORTHWESTERN PW,LOUISVILLE,KY,40212,485-8313,PORTLAND,https://www.jefferson.kyschools.us/schools/profiles/portland
1233334.625,249607.609999999,68,E,JCPS,128,PRICE ELEMENTARY,5001 GARDEN GREEN WY,LOUISVILLE,KY,40218,485-8315,PRICE,https://www.jefferson.kyschools.us/schools/profiles/price
1232378.875,245612.53125,69,E,JCPS,81,RANGELAND ELEMENTARY,1701 RANGELAND RD,LOUISVILLE,KY,40219,485-8317,RANGELAND,https://www.jefferson.kyschools.us/schools/profiles/rangeland
1201416.875,276568.0,70,E,JCPS,530,ROOSEVELT/PERRY ELEMENTARY,1606 MAGAZINE ST,LOUISVILLE,KY,40203,485-8319,ROOSEVELT-PERRY,https://www.jefferson.kyschools.us/schools/profiles/zia-roosevelt-perry-elementary
1203983.375,248532.40625,71,E,JCPS,560,RUTHERFORD ELEMENTARY,301 W SOUTHLAND BV,LOUISVILLE,KY,40214,485-8320,RUTHERFORD,https://www.jefferson.kyschools.us/schools/profiles/rutherford
1172741.875,234404.484999999,72,E,JCPS,86,SANDERS ELEMENTARY,8408 TERRY RD,LOUISVILLE,KY,40258,485-8322,SANDERS,https://www.jefferson.kyschools.us/schools/profiles/sanders
1187995.5,257319.016249999,73,E,JCPS,63,SCHAFFNER ELEMENTARY,2701 CRUMS LN,LOUISVILLE,KY,40216,485-8217,SCHAFFNER,https://www.jefferson.kyschools.us/schools/profiles/schaffner
1203026.0,256881.453749999,74,E,JCPS,580,SEMPLE ELEMENTARY,724 DENMARK ST,LOUISVILLE,KY,40215,485-8324,SEMPLE,https://www.jefferson.kyschools.us/schools/profiles/semple
1178981.375,244080.859999999,75,E,JCPS,97,SHACKLETTE ELEMENTARY,5310 MERCURY DR,LOUISVILLE,KY,40258,485-8325,SHACKLETTE,https://www.jefferson.kyschools.us/schools/profiles/shacklette
1211022.75,266762.125,76,E,JCPS,610,SHELBY TRADITIONAL ACADEMY,735 ZIEGLER ST,LOUISVILLE,KY,40217,485-8327,SHELBY,https://www.jefferson.kyschools.us/schools/profiles/shelby
1225878.5,243226.109999999,77,E,JCPS,103,SLAUGHTER ELEMENTARY,3805 FERN VALLEY RD,LOUISVILLE,KY,40219,485-8328,SLAUGHTER,https://www.jefferson.kyschools.us/schools/profiles/slaughter
1240366.625,235641.328749999,78,E,JCPS,87,SMYRNA ELEMENTARY,6401 OUTER LOOP,LOUISVILLE,KY,40228,485-8329,SMYRNA,https://www.jefferson.kyschools.us/schools/profiles/smyrna
1241025.25,274522.28125,79,E,JCPS,64,ST MATTHEWS ELEMENTARY,601 BROWNS LN,LOUISVILLE,KY,40207,485-8321,ST. MATTHEWS,https://www.jefferson.kyschools.us/schools/profiles/st-matthews
1184594.25,225749.5,80,E,JCPS,71,STONESTREET ELEMENTARY,10007 STONESTREET RD,LOUISVILLE,KY,40272,485-8333,STONESTREET,https://www.jefferson.kyschools.us/schools/profiles/stonestreet
1285020.375,282087.65625,81,E,JCPS,211,STOPHER ELEMENTARY,14417 AIKEN ROAD,LOUISVILLE,KY,40245,485-8281,STOPHER,https://www.jefferson.kyschools.us/schools/profiles/stopher
1190478.25,241539.1875,82,E,JCPS,104,TRUNNELL ELEMENTARY,7609 ST ANDREWS CHURCH RD,LOUISVILLE,KY,40214,485-8337,TRUNNELL,https://www.jefferson.kyschools.us/schools/profiles/trunnell
1260673.5,256206.03125,83,E,JCPS,16,TULLY ELEMENTARY,3300 COLLEGE DR,LOUISVILLE,KY,40299,485-8338,TULLY,https://www.jefferson.kyschools.us/schools/profiles/tully
1166163.25,208552.03125,84,E,JCPS,69,WATSON LANE ELEMENTARY,7201 WATSON LN,LOUISVILLE,KY,40272,485-8341,WATSON LANE,https://www.jefferson.kyschools.us/schools/profiles/watson-lane
1244653.375,254774.266249999,85,E,JCPS,72,WATTERSON ELEMENTARY,3900 BRECKENRIDGE LN,LOUISVILLE,KY,40218,485-8342,WATTERSON,https://www.jefferson.kyschools.us/schools/profiles/watterson
1177131.75,252587.875,86,E,JCPS,116,WELLINGTON ELEMENTARY,4800 KAUFMAN LN,LOUISVILLE,KY,40216,485-8343,WELLINGTON,https://www.jefferson.kyschools.us/schools/profiles/wellington
1200200.25,272864.96875,87,E,JCPS,182,WHEATLEY ELEMENTARY,1107 S 17TH ST,LOUISVILLE,KY,40210,485-8348,WHEATLEY,https://www.jefferson.kyschools.us/schools/profiles/wheatley
1259628.125,245486.0,88,E,JCPS,109,WHEELER ELEMENTARY,5700 CYNTHIA DR,LOUISVILLE,KY,40291,485-8349,WHEELER,https://www.jefferson.kyschools.us/schools/profiles/wheeler
1246562.5,286621.84375,89,E,JCPS,67,WILDER ELEMENTARY,1913 HERR LN,LOUISVILLE,KY,40222,485-8350,WILDER,https://www.jefferson.kyschools.us/schools/profiles/wilder
1173262.375,230923.125,90,E,JCPS,66,WILKERSON ELEMENTARY,5601 JOHNSONTOWN RD,LOUISVILLE,KY,40272,485-8351,WILKERSON,https://www.jefferson.kyschools.us/schools/profiles/wilkerson
1240961.25,222383.5625,91,E,JCPS,117,WILT ELEMENTARY,6700 PRICE LANE RD,LOUISVILLE,KY,40229,485-8353,WILT,https://www.jefferson.kyschools.us/schools/profiles/wilt
1192416.3125,279315.5625,92,E,JCPS,374,YOUNG ELEMENTARY,3526 W MUHAMMAD ALI BV,LOUISVILLE,KY,40212,485-8354,YOUNG,https://www.jefferson.kyschools.us/schools/profiles/young-elementary
1260805.625,289087.46875,93,E,JCPS,78,ZACHARY TAYLOR ELEMENTARY,9620 WESTPORT RD,LOUISVILLE,KY,40222,485-8336,ZACHARY TAYLOR,https://www.jefferson.kyschools.us/schools/profiles/zachary-taylor-elementary
1209432.125,275845.125,94,H,JCPS,456,ACKERLY,200 E CHESTNUT ST,LOUISVILLE,KY,40202,588-6941,ACKERLY,https://www.jefferson.kyschools.us/schools/profiles/ackerly
1236621.68875,260702.998750001,95,H,JCPS,183,ALFRED BINET,3410 BON AIR AV,LOUISVILLE,KY,40220,485-8209,BINET,https://www.jefferson.kyschools.us/schools/profiles/binet-school
1268391.00375,282645.626249999,96,H,JCPS,35,USPIRITUS BELLEWOOD,11103 PARK RD,ANCHORAGE,KY,40223,245-4171,BELLEWOOD,https://www.jefferson.kyschools.us/schools/profiles/bellewood
1233149.125,262255.03125,97,H,JCPS,28,BOYS & GIRLS HAVEN,2301 GOLDSMITH LN,LOUISVILLE,KY,40218,429-5408,BOYS & GIRLS HAVEN,https://www.boysandgirlshaven.org/
1214662.25,274253.78125,98,H,JCPS,129,BRECKINRIDGE METROPOLITAN,1128 E BROADWAY,LOUISVILLE,KY,40204,485-6678,BRECKINRIDGE METRO,https://www.jefferson.kyschools.us/schools/profiles/breckinridge-metropolitan-high
1231242.125,260894.578749999,99,H,JCPS,25,USPIRITUS BROOKLAWN,2125 GOLDSMITH LN,LOUISVILLE,KY,40218,452-1612,BROOKLAWN,https://schools.jefferson.kyschools.us/Special/SAC/brooklawn.html
1231471.5,257266.953749999,100,H,JCPS,202,MINOR DANIELS ACADEMY,1960 BASHFORD MANOR LN,LOUISVILLE,KY,40218,485-8316,MINOR DANIELS,https://www.jefferson.kyschools.us/schools/profiles/minor-daniels-academy
1209036.625,260498.109999999,101,H,JCPS,917,CHURCHILL PARK ,435 BOXLEY AV,LOUISVILLE,KY,40209,485-8229,CHURCHILL PARK,https://www.jefferson.kyschools.us/schools/profiles/churchill-park-rehab
1209358.9025,273159.233750001,102,H,JCPS,37,DAWSON ORMAN EDUCATION CENTER,900 S FLOYD ST,LOUISVILLE,KY,40203,485-7008,DAWSON ORMAN,https://www.jefferson.kyschools.us/schools/profiles/dawson-orman-ed-ctr
1190490.14624999,269039.793750003,103,H,JCPS,70,DUVALLE EDUCATION CENTER,3610 BOHNE AV,LOUISVILLE,KY,40211,485-6771,DUVALLE,https://www.jefferson.kyschools.us/schools/profiles/duvalle-education-center
1214769.75,277398.75,104,H,JCPS,768,HOME OF THE INNOCENTS,1100 E MARKET ST,LOUISVILLE,KY,40206,596-1291,HOME OF THE INNOCENTS,https://www.jefferson.kyschools.us/schools/profiles/home-innocents-school
1209318.4025,272899.252499998,105,H,JCPS,951,PATHFINDER SCHOOL OF INNOVATION,900 S FLOYD ST,LOUISVILLE,KY,40203,485-3173,PATHFINDER,https://www.jefferson.kyschools.us/schools/profiles/jefferson-county-high-school
1253236.75,265162.28125,106,E,JCPS,175,ALEX KENNEDY ELEMENTARY,4515 TAYLORSVILLE RD,LOUISVILLE,KY,40220,485-6950,ALEX KENNEDY,https://www.jefferson.kyschools.us/schools/profiles/alex-r-kennedy
1256186.58374999,282367.840000004,107,H,JCPS,138,LOUISVILLE DAY TREATMENT CTR,8711 LA GRANGE RD,LOUISVILLE,KY,40222,485-7126,LOUISVILLE DAY,https://www.jefferson.kyschools.us/schools/profiles/louisville-day-treatment 
1208444.03874999,272646.757499993,108,H,JCPS,465,HEUSER HEARING & LANGUAGE ACADEMY,117 E KENTUCKY ST,LOUISVILLE,KY,40203,5153323,HEUSER,https://thehearinginstitute.org/academy/
1205922.625,278223.46875,109,H,JCPS,463,LOUISVILLE METRO YOUTH CENTER,720 W JEFFERSON ST,LOUISVILLE,KY,40202,,LOUISVILLE METRO, 
1223438.52249999,247835.1875,110,H,JCPS,458,MARY RYAN ACADEMY,3307 E INDIAN TL,LOUISVILLE,KY,40213,485-7988,MARY RYAN,https://www.jefferson.kyschools.us/schools/profiles/mary-ryan-academy
1263847.25,281185.59375,111,H,JCPS,193,MARYHURST HIGH,1015 DORSEY LN,LOUISVILLE,KY,40223,245-1576,MARYHURST,https://www.jefferson.kyschools.us/schools/profiles/mary-jo-and-william-macdonald-maryhurst
1221049.5,264577.46875,112,H,JCPS,784,CARITAS PEACE ACADEMY,2020 NEWBURG RD,LOUISVILLE,KY,40205,479-4180,PEACE ACADEMY,https://www.jefferson.kyschools.us/schools/profiles/peace-academy
1201840.26000001,266467.409999996,113,H,JCPS,110,WESTERN DAY TREATMENT CENTER,1900 S 7TH ST,LOUISVILLE,KY,40201,447-9145,WESTERN DAY,https://www.jefferson.kyschools.us/schools/profiles/western-day-treatment
1209140.5,227918.422499999,114,H,JCPS,50,GEORGIA CHAFFEE TAPP,1010 NEIGHBORHOOD PLACE,LOUISVILLE,KY,40118,485-8748,GEORGIA CHAFFEE TAPP,https://www.jefferson.kyschools.us/schools/profiles/south-park-tapp
1227051.75,278685.625,115,H,JCPS,29,ST JOSEPH CHILDREN'S HOME,2823 FRANKFORT AV,LOUISVILLE,KY,40206,893-0241,ST. JOSEPH,https://sjkids.org/
1244769.625,270833.3125,116,H,JCPS,19,THE BROOK/DUPONT,1405 BROWNS LN,LOUISVILLE,KY,40207,896-0495,THE BROOK/DUPONT,https://www.thebrookhospitals.com/
1253899.5,284143.4375,117,H,JCPS,20,THE BROOK/KMI,8521 LA GRANGE RD,LOUISVILLE,KY,40242,426-6380,THE BROOK/KMI,https://www.thebrookhospitals.com/
1207313.25,265678.0,118,H,JCPS,124,U OF L P.A.C.T. PROGRAM,100 CARDINAL AV,LOUISVILLE,KY,40292,852-6402,U OF L P.A.C.T., 
1182619.25,250736.34375,119,H,JCPS,34,WALLER ENVIRONMENTAL,2415 ROCKFORD LN,LOUISVILLE,KY,40216,485-8560,WALLER,https://www.jefferson.kyschools.us/schools/profiles/waller-environmental
1256235.5,286877.90625,120,H,JCPS,916,WESTPORT EARLY CHILDHOOD CENTER,8800 WESTPORT RD,LOUISVILLE,KY,40222,485-6657,WESTPORT ECH,https://www.jefferson.kyschools.us/schools/profiles/westport-early-childhood-center
1225239.375,276184.3125,121,M,JCPS,40,BARRET TRADITIONAL MIDDLE,2561 GRINSTEAD DR,LOUISVILLE,KY,40206,485-8207,BARRET,https://www.jefferson.kyschools.us/schools/profiles/barret
1259611.625,250891.484999999,122,M,JCPS,167,CARRITHERS MIDDLE,4320 BILLTOWN RD,LOUISVILLE,KY,40299,485-8224,CARRITHERS,https://www.jefferson.kyschools.us/schools/profiles/carrithers
1175070.25,244237.96875,123,M,JCPS,164,CONWAY MIDDLE,6300 TERRY RD,LOUISVILLE,KY,40258,485-8233,CONWAY,https://www.jefferson.kyschools.us/schools/profiles/conway
1265463.375,272222.125,124,M,JCPS,119,CROSBY MIDDLE,303 GATEHOUSE LN,LOUISVILLE,KY,40243,485-8235,CROSBY,https://www.jefferson.kyschools.us/schools/profiles/crosby
1178117.375,253248.46875,125,M,JCPS,49,FARNSLEY MIDDLE,3400 LEES LN,LOUISVILLE,KY,40216,485-8242,FARNSLEY,https://www.jefferson.kyschools.us/schools/profiles/farnsley
1222093.5,266745.34375,126,M,JCPS,320,HIGHLAND MIDDLE,1700 NORRIS PL,LOUISVILLE,KY,40205,485-8266,HIGHLAND,https://www.jefferson.kyschools.us/schools/profiles/highland
1200904.5475,248447.751249999,127,M,JCPS,730,OLMSTED ACADEMY SOUTH,5650 SOUTHERN PWY,LOUISVILLE,KY,40214,485-8270,OLMSTED SOUTH,https://www.jefferson.kyschools.us/schools/profiles/frederick-law-olmsted-academy-south
1216143.625,272929.03125,128,M,JCPS,396,JEFF CNTY TRADITIONAL MIDDLE,1418 MORTON AV,LOUISVILLE,KY,40204,485-8272,JCTMS,https://www.jefferson.kyschools.us/schools/profiles/jefferson-county-traditional-middle
1196522.25,271595.65625,129,M,JCPS,470,JOHNSON TRADITIONAL MIDDLE,2509 WILSON AV,LOUISVILLE,KY,40210,485-8277,JOHNSON,https://www.jefferson.kyschools.us/schools/profiles/johnson-traditional
1247373.625,288388.5,130,M,JCPS,162,KAMMERER MIDDLE,7315 WESBORO RD,LOUISVILLE,KY,40222,485-8279,KAMMERER,https://www.jefferson.kyschools.us/schools/profiles/kammerer
1225687.75,223632.109999999,131,M,JCPS,163,KNIGHT MIDDLE,9803 BLUE LICK RD,LOUISVILLE,KY,40229,485-8287,KNIGHT,https://www.jefferson.kyschools.us/schools/profiles/knight
1198511.875,233490.625,132,M,JCPS,133,LASSITER MIDDLE,8200 CANDLEWORTH DR,LOUISVILLE,KY,40214,485-8288,LASSITER,https://www.jefferson.kyschools.us/schools/profiles/lassiter
1210512.0,273590.03125,133,M,JCPS,340,MEYZEEK MIDDLE,828 S JACKSON ST,LOUISVILLE,KY,40203,485-8299,MEYZEEK,https://www.jefferson.kyschools.us/schools/profiles/meyzeek
1232907.16,250866.408749998,134,M,JCPS,41,NEWBURG MIDDLE,4901 EXETER AV,LOUISVILLE,KY,40218,485-8306,NEWBURG,https://www.jefferson.kyschools.us/schools/profiles/newburg
1207150.75,266998.0,135,M,JCPS,435,NOE MIDDLE,121 W LEE ST,LOUISVILLE,KY,40208,485-8307,NOE,https://www.jefferson.kyschools.us/schools/profiles/noe
1202262.25,253836.609999999,136,M,JCPS,620,OLMSTED ACADEMY NORTH,4530 BELLEVUE AV,LOUISVILLE,KY,40215,485-8331,OLMSTED NORTH,https://www.jefferson.kyschools.us/schools/profiles/frederick-law-olmsted-academy-north
1181918.625,225529.6875,137,M,JCPS,144,STUART ACADEMY,4603 VALLEY STATION RD,LOUISVILLE,KY,40272,485-8334,STUART,https://www.jefferson.kyschools.us/schools/profiles/stuart
1229503.875,246891.672499999,138,M,JCPS,90,THOMAS JEFFERSON MIDDLE,1501 RANGELAND RD,LOUISVILLE,KY,40219,485-8273,THOMAS JEFFERSON,https://www.jefferson.kyschools.us/schools/profiles/thomas-jefferson
1199048.0,280842.21875,139,M,JCPS,710,WESTERN MIDDLE,2201 W MAIN ST,LOUISVILLE,KY,40212,485-8345,WESTERN MIDDLE,https://www.jefferson.kyschools.us/schools/profiles/western-middle
1252926.75,285297.125,140,M,JCPS,77,WESTPORT TRAD MIDDLE,8100 WESTPORT RD,LOUISVILLE,KY,40222,485-8346,WESTPORT MIDDLE,https://www.jefferson.kyschools.us/schools/profiles/westport
1227340.75,263264.5625,141,S,JCPS,18,ATHERTON HIGH,3000 DUNDEE RD,LOUISVILLE,KY,40205,485-8202,ATHERTON,https://www.jefferson.kyschools.us/schools/profiles/atherton
1245787.125,288330.21875,142,S,JCPS,105,BALLARD HIGH,6000 BROWNSBORO RD,LOUISVILLE,KY,40222,485-8206,BALLARD,https://www.jefferson.kyschools.us/schools/profiles/ballard
1190581.75,256224.922499999,143,S,JCPS,45,BUTLER TRADITIONAL HIGH,2222 CRUMS LN,LOUISVILLE,KY,40216,485-8220,BUTLER,https://www.jefferson.kyschools.us/schools/profiles/butler
1203816.0,276631.59375,144,S,JCPS,179,CENTRAL HIGH,1130 W CHESTNUT ST,LOUISVILLE,KY,40203,485-8226,CENTRAL,https://www.jefferson.kyschools.us/schools/profiles/central
1190910.0,241657.547499999,145,S,JCPS,100,DOSS HIGH,7601 ST ANDREWS CHURCH RD,LOUISVILLE,KY,40214,485-8239,DOSS,https://www.jefferson.kyschools.us/schools/profiles/doss
1273927.75,273267.9375,146,S,JCPS,7,EASTERN HIGH,12400 OLD SHELBYVILLE RD,LOUISVILLE,KY,40243,485-8243,EASTERN,https://www.jefferson.kyschools.us/schools/profiles/eastern
1208388.5,226390.0,147,S,JCPS,57,FAIRDALE HIGH,1001 FAIRDALE RD,LOUISVILLE,KY,40118,485-8248,FAIRDALE HIGH,https://www.jefferson.kyschools.us/schools/profiles/fairdale-high
1254385.75,241838.15625,148,S,JCPS,12,FERN CREEK TRADITIONAL HIGH,9115 FERN CREEK RD,LOUISVILLE,KY,40291,485-8251,FERN CREEK HIGH,https://www.jefferson.kyschools.us/schools/profiles/fern-creek-high
1200103.375,249280.453749999,149,S,JCPS,335,IROQUOIS HIGH,4615 TAYLOR BV,LOUISVILLE,KY,40215,485-8269,IROQUOIS,https://www.jefferson.kyschools.us/schools/profiles/iroquois
1257883.25,258056.297499999,150,S,JCPS,65,JEFFERSONTOWN HIGH,9600 OLD SIX MILE LN,LOUISVILLE,KY,40299,485-8275,JEFFERSONTOWN HIGH,https://www.jefferson.kyschools.us/schools/profiles/jeffersontown-high
1217763.5,252895.047499999,151,S,JCPS,47,MALE TRADITIONAL HIGH,4409 PRESTON HY,LOUISVILLE,KY,40213,485-8292,MALE,https://www.jefferson.kyschools.us/schools/profiles/louisville-male
1206974.375,266548.8125,152,S,JCPS,200,DUPONT MANUAL HIGH,120 W LEE ST,LOUISVILLE,KY,40208,485-8241,DUPONT MANUAL,https://www.jefferson.kyschools.us/schools/profiles/dupont-manual
1176369.875,239273.1875,153,S,JCPS,75,PLEASURE RIDGE PARK HIGH,5901 GREENWOOD RD,LOUISVILLE,KY,40258,485-8311,PRP MCA,https://www.jefferson.kyschools.us/schools/profiles/pleasure-ridge-park
1236905.75,261076.25,154,S,JCPS,73,SENECA HIGH,3510 GOLDSMITH LN,LOUISVILLE,KY,40220,485-8323,SENECA,https://www.jefferson.kyschools.us/schools/profiles/seneca
1190981.3075,280797.236249998,155,M,JCPS,590,THE ACADEMY @ SHAWNEE,4001 HERMAN ST,LOUISVILLE,KY,40212,485-8326,SHAWNEE,https://schools.jefferson.kyschools.us/Middle/AcademyShawneeMiddle/
1228620.5,231194.75,156,S,JCPS,31,SOUTHERN HIGH,8620 PRESTON HY,LOUISVILLE,KY,40219,485-8330,SOUTHERN,https://www.jefferson.kyschools.us/schools/profiles/southern
1174835.34625,225162.553749993,157,S,JCPS,33,VALLEY TRADITIONAL HIGH,10200 DIXIE HY,LOUISVILLE,KY,40272,485-8339,VALLEY,https://www.jefferson.kyschools.us/schools/profiles/valley-high
1242002.125,274279.3125,158,S,JCPS,51,WAGGENER TRADITIONAL HIGH,330 S HUBBARDS LN,LOUISVILLE,KY,40207,485-8340,WAGGENER,https://www.jefferson.kyschools.us/schools/profiles/waggener
1182077.75,250779.703749999,159,S,JCPS,84,WESTERN HIGH,2501 ROCKFORD LN,LOUISVILLE,KY,40216,485-8344,WESTERN HIGH,https://www.jefferson.kyschools.us/schools/profiles/western
1207142.97750001,267664.172499999,160,S,JCPS,940,YOUTH PERFORMING ARTS SCHOOL,1517 S 2ND ST,LOUISVILLE,KY,40208,485-8355,YPAS,https://www.jefferson.kyschools.us/schools/profiles/youth-performing-arts-school
1267689.98999999,239099.212500006,161,M,JCPS,219,RAMSEY MIDDLE SCHOOL,6409 GELHAUS LN,LOUISVILLE,KY,40299,485-8391,RAMSEY,https://www.jefferson.kyschools.us/schools/profiles/ramsey
1229541.52625,248020.1875,162,H,JCPS,919,GEORGE UNSELD EARLY CHILDHOOD CENTER,5216 ILEX AVE,LOUISVILLE,KY,40213,968-7222,UNSELD ECH,https://www.jefferson.kyschools.us/schools/profiles/george-unseld-early-childhood-center
1263423.77,304439.974999994,163,E,JCPS,371,NORTON COMMONS ELEMENTARY,10941 KINGS CROWN DR,LOUISVILLE,KY,40059,485-8367,NORTON COMMONS,https://www.jefferson.kyschools.us/schools/profiles/norton-commons
1176219.22499999,239254.961250007,164,S,JCPS,75,PRP PERFORMING ARTS,5901 GREENWOOD RD,LOUISVILLE,KY,40258,485-8311,PRP PAS,https://www.jefferson.kyschools.us/schools/profiles/pleasure-ridge-park
1207296.325,227521.111249998,165,S,JCPS,57,FAIRDALE VOCATIONAL BUILDING,1001 FAIRDALE RD,LOUISVILLE,KY,40118,485-8248,FAIRDALE VOCATIONAL,https://www.jefferson.kyschools.us/schools/profiles/fairdale-high
1176183.29125001,239570.756249994,166,S,JCPS,75,PRP TECH BUILDING,5901 GREENWOOD RD,LOUISVILLE,KY,40258,485-8311,PRP TECH,https://www.jefferson.kyschools.us/schools/profiles/pleasure-ridge-park
1207122.36499999,267319.298749998,167,H,JCPS,940,SAM MEYERS HALL,1517 S 2ND ST,LOUISVILLE,KY,40208,485-8355,SAM MEYERS,
1225684.0,259953.422499999,168,C,PRIVATE SCHOOL,5118,LOUISVILLE ADVENTIST ACADEMY,2988 NEWBURG RD,LOUISVILLE,KY,40205,452-2965,LOUISVILLE ADVENTIST,https://louisvilleadventistacademy.com/
1247924.0,269871.4375,169,C,PAROCHIAL SCHOOL,6350,ASCENSION SCHOOL,4600 LYNNBROOK DR,LOUISVILLE,KY,40220,451-2535,ASCENSION,https://www.ascension-parish.com/school/
1240438.375,271872.75,170,C,PRIVATE SCHOOL,5295,FRIENDS SCHOOL,901 BRECKENRIDGE LN,LOUISVILLE,KY,40207,899-1822,FRIENDS,https://www.friendslouisville.com/
1252878.60375001,286433.116249993,171,C ,PRIVATE SCHOOL,5003,ISLAMIC SCHOOL OF LOUISVILLE,8215 OLD WESTPORT RD,LOUISVILLE,KY,40222,412-7825,ISLAMIC SCHOOL,https://www.isofl.info
1169389.5,228303.71875,172,C,PRIVATE SCHOOL,5745,LANDMARK CHRISTIAN ACADEMY,6502 JOHNSONTOWN RD,LOUISVILLE,KY,40272,933-3000,LANDMARK,https://www.lcaky.com/
1247016.875,283775.4375,173,C,PAROCHIAL SCHOOL,6158,ST ALBERT THE GREAT,1395 GIRARD DR,LOUISVILLE,KY,40222,425-1804,ST. ALBERT THE GREAT,https://school.stalbert.org/
1237413.0,235964.84375,174,C,PAROCHIAL SCHOOL,6168,ST ATHANASIUS,5915 OUTER LOOP,LOUISVILLE,KY,40219,969-2345,ST. ATHANASIUS,https://www.saintathanasiuslouisville.com/school/
1238732.75,267518.03125,175,E,PRIVATE SCHOOL,5902,JEWISH DAY SCHOOL,1110 DUPONT CIR,LOUISVILLE,KY,40207,459-1770,JEWISH DAY,https://chabadky.com
1241924.875,280300.53125,176,C,PRIVATE SCHOOL,5735,WALDEN SCHOOL,4238 WESTPORT RD,LOUISVILLE,KY,40207,893-0433,WALDEN,https://www.walden-school.org/
1207123.0,273793.4375,177,S,PAROCHIAL SCHOOL,6263,PRESENTATION ACADEMY,861 S 4TH ST,LOUISVILLE,KY,40203,583-5935,PRESENTATION,https://www.presentationacademy.org/
1238033.5,277396.375,178,S,PAROCHIAL SCHOOL,6348,TRINITY HIGH,4011 SHELBYVILLE RD,LOUISVILLE,KY,40207,895-9427,TRINITY,https://www.trinityrocks.com/
1202568.75,236878.891249999,179,C,PRIVATE SCHOOL,5999,VALIANT CHRISTIAN ACADEMY,5627 NEW CUT RD,LOUISVILLE,KY,40214,368-0080,VALIANT,https://www.valiantca.com/
1222330.125,268956.59375,180,C,PRIVATE SCHOOL,6006,DE PAUL SCHOOL,1925 DUKER AVE,LOUISVILLE,KY,40205,459-6131,DE PAUL,https://depaulschool.org/
1211464.5,277112.0,181,C,PAROCHIAL SCHOOL,6774,NATIVITY ACADEMY AT ST BONIFAC,529 E LIBERTY ST,LOUISVILLE,KY,40202,562-2190,NATIVITY ACADEMY,https://www.nativitylouisville.org/
1238560.75,274083.59375,182,C,PAROCHIAL SCHOOL,6142,OUR LADY OF LOURDES ,510 BRECKENRIDGE LN,LOUISVILLE,KY,40207,895-5122,OUR LADY OF LOURDES,https://www.ourlourdes.org/school/
1258115.375,255411.578749999,183,C,PAROCHIAL SCHOOL,6228,ST EDWARD,9610 SUE HELEN DR,LOUISVILLE,KY,40299,267-6633,ST. EDWARD,https://stedwardchurch.com/school/
1220620.625,269869.40625,184,C,PAROCHIAL SCHOOL,6453,ST JAMES,1818 EDENSIDE AVE,LOUISVILLE,KY,40204,454-0330,ST. JAMES,https://www.stjamesbluejays.com/
1276978.35625,254376.911249995,185,C,PAROCHIAL SCHOOL,6036,ST MICHAEL,3705 STONE LAKES DR,LOUISVILLE,KY,40299,267-6155,ST. MICHAEL,https://stmlou.org/
1230208.25,264318.71875,186,S,PAROCHIAL SCHOOL,6386,ASSUMPTION HIGH,2170 TYLER LN,LOUISVILLE,KY,40205,458-9551,ASSUMPTION,https://www.ahsrockets.org/
1199635.2325,277097.186250001,187,C,PRIVATE SCHOOL,5705,EMMA L MINNIS JR ACADEMY,1939 MAGAZINE ST,LOUISVILLE,KY,40203,774-2108,EMMA L MINNIS,https://www.elminnisacademy.org/
1220365.5,279266.15625,188,C,PRIVATE SCHOOL,5176,KENTUCKY SCHOOL FOR THE BLIND,1867 FRANKFORT AVE,LOUISVILLE,KY,40206,897-1583,KY SCHOOL FOR THE BLIND,https:/www.ksb.kyschools.us/
1186039.625,249465.375,189,C,PAROCHIAL SCHOOL,6268,NOTRE DAME ACADEMY,1927 LEWISTON DR,LOUISVILLE,KY,40216,447-3155,NOTRE DAME,https://www.ndasaints.org/
1252481.2,245786.745000005,190,C,PAROCHIAL SCHOOL,6238,ST GABRIEL,5503 BARDSTOWN RD,LOUISVILLE,KY,40291,239-5535,ST. GABRIEL,https://www.stgabriel.net/school/
1250148.75,276215.0,191,C,PAROCHIAL SCHOOL,6278,ST MARGARET MARY,7813 SHELBYVILLE RD,LOUISVILLE,KY,40222,426-2635,ST. MARGARET MARY,https://school.stmm.org/
1184199.625,240670.797499999,192,C,PAROCHIAL SCHOOL,6308,ST PAUL,6901 DIXIE HY,LOUISVILLE,KY,40258,935-5511,ST. PAUL,https://www.saintpaulschool.net/
1229148.5,231480.828749999,193,C,PAROCHIAL SCHOOL,6328,ST RITA,8709 PRESTON HWY,LOUISVILLE,KY,40219,969-7067,ST. RITA,https://www.stritacatholicschool.com/
1215449.375,261524.172499999,194,C,PAROCHIAL SCHOOL,6593,ST STEPHEN MARTYR,2931 PINDELL AVE,LOUISVILLE,KY,40217,635-7141,ST. STEPHEN MARTYR,https://www.ssmartyr.org/School
1243441.25,264596.0625,195,C,PRIVATE SCHOOL,5650,MEREDITH DUNN SCHOOL,3023 MELBOURNE AV,LOUISVILLE,KY,40220,456-5819,MEREDITH DUNN,https://www.meredithdunnschool.org/
1202169.125,244812.78125,196,S,PAROCHIAL SCHOOL,6205,DESALES HIGH,425 W KENWOOD DR,LOUISVILLE,KY,40214,368-6519,DESALES,https://www.desaleshighschool.com/
1263893.355,240275.361249998,197,C,PRIVATE SCHOOL,5910,CORNERSTONE ACADEMY OF EASTSIDE PRAISE,6300 BILLTOWN RD,LOUISVILLE,KY,40299,267-6393,CORNERSTONE,https://www.eastsidepraise.org/about-cornerstone-academy-1/
1281485.375,268150.625,198,C,PRIVATE SCHOOL,5036,CHRISTIAN ACADEMY ENGLISH STATION,700 S ENGLISH STATION RD,LOUISVILLE,KY,40245,244-3225,CHRISTIAN/ENGLISH STATION,https://caschools.us/es
1263306.62625,292630.965000004,199,E,PRIVATE SCHOOL,5555,MONTESSORI SCHOOL OF LOUISVILLE,10263 CHAMPION FARMS DR,LOUISVILLE,KY,40241,640-8585,MONTESSORI,https://www.msl-edu.org/
1254221.875,287307.125,200,C,PRIVATE SCHOOL,6122,PORTLAND CHRISTIAN SCHOOL,8509 WESTPORT RD,LOUISVILLE,KY,40242,429-3727,PORTLAND CHRISTIAN,https://portlandchristian.org/
1175873.25,237746.21875,201,C,PAROCHIAL SCHOOL,6318,ST ANDREW ACADEMY,7724 COLUMBINE DR,LOUISVILLE,KY,40258,935-4578,ST. ANDREW,https://saintandrewacademy.org/
1224478.5,267589.875,202,C,PAROCHIAL SCHOOL,6423,ST FRANCIS OF ASSISI ,1938 ALFRESCO PL,LOUISVILLE,KY,40205,459-3088,ST. FRANCIS OF ASSISI,https://sfalouisville.org/
1216244.875,265274.5625,203,S,PAROCHIAL SCHOOL,6633,ST XAVIER HIGH,1609 POPLAR LEVEL RD,LOUISVILLE,KY,40217,637-4712,ST. XAVIER,https://www.saintx.com/
1202135.07125001,238983.453749999,204,C,PAROCHIAL SCHOOL,6776,ST NICHOLAS ACADEMY,5501 NEW CUT RD,LOUISVILLE,KY,40214,368-8506,ST. NICHOLAS,https://www.sna-panthers.org/
1266691.61,274119.148750007,205,C,PRIVATE SCHOOL,0,HIGHLANDS LATIN SCHOOL,10901 SHELBYVILLE RD,LOUISVILLE,KY,40243,742-4789,HIGHLAND LATIN,https://www.hls.org/
1273237.875,277253.625,206,C,PAROCHIAL SCHOOL,6332,HOLY ANGELS ACADEMY,12201 OLD HENRY RD,LOUISVILLE,KY,40223,254-9440,HOLY ANGELS,https://www.holyangelslouisville.com/
1230687.25,276109.03125,207,C,PAROCHIAL SCHOOL,6273,SACRED HEART MODEL,3107 LEXINGTON RD,LOUISVILLE,KY,40206,896-3931,SACRED HEART,https://shms.shslou.org/
1184026.58750001,237403.123750001,208,C,PRIVATE SCHOOL,5080,CHRISTIAN ACADEMY SOUTHWEST,8307 ST ANDREWS CHURCH RD,LOUISVILLE,KY,40272,447-6500,CHRISTIAN/SOUTHWEST,https://caschools.us/southwest/
1241374.32625,245848.198750004,209,S,PRIVATE SCHOOL,6180,MERCY ACADEMY ,5801 FEGENBUSH LN,LOUISVILLE,KY,40228,671-2010,MERCY,https://www.mercyacademy.com/
1257983.5,296211.375,210,C,PRIVATE SCHOOL,5111,KENTUCKY COUNTRY DAY,4100 SPRINGDALE RD,LOUISVILLE,KY,40241,423-0440,KCD,https://www.kcd.org/
1249303.98625,284376.913749993,211,C,PAROCHIAL SCHOOL,6474,PITT ACADEMY,7515 WESTPORT RD,LOUISVILLE,KY,40222,966-6979,PITT,https://www.pitt.com/
1233137.75,276498.6875,212,C,PAROCHIAL SCHOOL,6245,HOLY SPIRIT SCHOOL,322 CANNONS LN,LOUISVILLE,KY,40206,893-7700,HOLY SPIRIT,https://www.hspirit.org/school/
1237736.125,261224.03125,213,C,PAROCHIAL SCHOOL,6773,JOHN PAUL II ACADEMY,3525 GOLDSMITH LN,LOUISVILLE,KY,40220,452-1712,JOHN PAUL II,https://www.john-paul-academy.org/
1240562.25,259132.297499999,214,C,PAROCHIAL SCHOOL,6288,ST MARTHA,2825 KLONDIKE LN,LOUISVILLE,KY,40218,491-3171,ST. MARTHA,https://www.stmartharocks.com/
1287443.0,276308.53125,215,C,PAROCHIAL SCHOOL,6224,ST PATRICK,1000 N BECKLEY STATION RD,LOUISVILLE,KY,40245,244-7083,ST. PATRICK,https://www.school.stpatlou.org/
1230439.995,263816.751249999,216,C,PAROCHIAL SCHOOL,6573,ST RAPHAEL,2131 LANCASHIRE AVE,LOUISVILLE,KY,40205,456-1541,ST. RAPHAEL,https://straphaelschool.org/
1250772.0,278731.53125,217,C,PRIVATE SCHOOL,5135,WALDORF SCHOOL OF LOUISVILLE,3110 ROCK CREEK DR,LOUISVILLE,KY,40207,327-0122,WALDORF,https://www.waldorflouisville.com/
1247088.0,236184.484999999,218,C,PRIVATE SCHOOL,5545,WHITEFIELD ACADEMY,7711 FEGENBUSH LN,LOUISVILLE,KY,40228,239-2509,WHITEFIELD,https://www.whitefield.org/
1231517.625,276479.0625,219,S,PAROCHIAL SCHOOL,6283,SACRED HEART ACADEMY ,3175 LEXINGTON RD,LOUISVILLE,KY,40206,897-6097,SACRED HEART,https://sha.shslou.org/
1226973.69,277752.983750001,220,C,PRIVATE SCHOOL,0,HIGHLANDS LATIN SCHOOL,2800 FRANKFORT AVE,LOUISVILLE,KY,40206,895-5333,HIGHLAND LATIN,https://www.hls.org/
1264249.4975,307137.913749993,221,C,PAROCHIAL SCHOOL,0,ST MARY ACADEMY,11311 SAINT MARY LN,PROSPECT,KY,40059,315-2555,ST MARY,https://saintmaryacademy.com
1237760.25,281153.65625,222,C,PAROCHIAL SCHOOL,6370,HOLY TRINITY SCHOOL,423 CHERRYWOOD RD,LOUISVILLE,KY,40207,897-2785,HOLY TRINITY,https://www.ht-school.org/
1220651.47750001,266570.806250006,223,C,PAROCHIAL SCHOOL,6293,ST AGNES,1920 NEWBURG RD,LOUISVILLE,KY,40205,458-2850,ST. AGNES,https://stagneslouisville.org/school/
1245946.125,238748.375,224,C,PAROCHIAL SCHOOL,6026,ST BERNARD,7500 TANGELO DR,LOUISVILLE,KY,40228,239-5178,ST. BERNARD,https://www.stbernardlou.com/school
1191031.375,272938.802499995,225,C,PRIVATE SCHOOL,0,WEST END SCHOOL,3628 VIRGINIA AVE,LOUISVILLE,KY,40211,776-5236,WEST END,https://www.westendschool.org/
1263280.75,257219.234999999,226,C,PRIVATE SCHOOL,5570,ACADEMY FOR INDIVIDUAL EXCELL.,3101 BLUEBIRD LN,LOUISVILLE,KY,40299,267-6187,INDIVIDUAL EXCELLENCE,https://www.aiexcellence.com/
1252264.125,275045.25,227,C,PRIVATE SCHOOL,5998,OUR SAVIOR LUTHERAN SCHOOL,8307 NOTTINGHAM PW,LOUISVILLE,KY,40222,426-0864,OUR SAVIOR,https://www.oslslouisville.com/
1269173.625,273613.09375,228,C,PRIVATE SCHOOL,5908,SUMMIT ACADEMY,11508 MAIN ST,LOUISVILLE,KY,40243,244-7090,SUMMIT,https://www.summit-academy.org/
1242617.05,256866.607500002,229,C,PRIVATE SCHOOL,5002,NUR ISLAMIC SCHOOL OF LOU.,6500 SIX MILE LN,LOUISVILLE,KY,40218,459-9447,NUR ISLAMIC,https://www.nurislamicschool.org/
1240038.0,299037.0625,230,E,PRIVATE SCHOOL,5449,VIRGINIA CHANCE SCHOOL,4200 LIME KILN LN,LOUISVILLE,KY,40222,425-6904,CHANCE,https://www.chanceschool.org/
1228679.5,263101.96875,231,E,PRIVATE SCHOOL,5798,HAYFIELD MONTESSORI SCHOOL,2000 TYLER LN,LOUISVILLE,KY,40205,931-7143,HAYFIELD,https://www.hayfieldmontessori.com/
1220700.625,273242.59375,232,C,PRIVATE SCHOOL,5305,LOUISVILLE COLLEGIATE SCHOOL,2427 GLENMARY AV,LOUISVILLE,KY,40204,479-0340,COLLEGIATE,https://www.loucol.com/
1173869.25,230647.625,233,C,PRIVATE SCHOOL,5354,BETH HAVEN CHRISTIAN ,5515 JOHNSONTOWN RD,LOUISVILLE,KY,40272,937-3516,BETH HAVEN,https://www.bethhaven.com/
1185421.75,246149.547499999,234,S,PAROCHIAL SCHOOL,6355,HOLY CROSS HIGH SCHOOL,5144 DIXIE HWY,LOUISVILLE,KY,40216,447-4363,HOLY CROSS,https://www.holycrosshs.com/
1199397.25,283026.5,235,C,PRIVATE SCHOOL,5576,NORTHSIDE CHRISTIAN ACADEMY,2214 BANK ST,LOUISVILLE,KY,40212,778-1113,NORTHSIDE,https://www.shawneebaptist.church/
1207868.25,275334.4375,236,S,PRIVATE SCHOOL,5792,FRANCIS PARKER,233 W BROADWAY,LOUISVILLE,KY,40202,736-1000,FRANCIS PARKER,https://francisparkerlouisville.org/
1268994.72125,281412.571250007,237,C,ANCHORAGE,0,ANCHORAGE,11400 RIDGE RD,ANCHORAGE,KY,40223,245-2121,ANCHORAGE,https://www.anchorage-school.org/
1286057.54000001,271401.3125,238,E,PRIVATE SCHOOL,5545,WHITEFIELD ACADEMY EAST,15201 SHELBYVILLE RD,LOUISVILLE,KY,40245,254-9593,WHITEFIELD EAST,https://www.whitefield.org/
1223530.0,247783.547499999,239,C,JCPS,191,W.E.B. DUBOIS ACADEMY,3307 E INDIAN TRL,LOUISVILLE,KY,40213,485-7600,DUBOIS,https://www.jefferson.kyschools.us/schools/profiles/web-dubois-academy
1240343.31,265336.638750002,240,C,PRIVATE SCHOOL,5383,EVANGEL CHRISTIAN SCHOOL,3728 TAYLORSVILLE RD,LOUISVILLE,KY,40220,968-7744,EVANGEL,https://www.evangelchristianschool.com/
1222030.75749999,277469.579999998,241,C,PAROCHIAL SCHOOL,,HOLY TRINITY CLIFTON SCHOOL,2117 PAYNE ST,LOUISVILLE,KY,40206,896-8480,HOLY TRINITY CLIFTON,https://www.ht-school.org/holy-trinity-clifton/clifton-school
1227073.48,281425.299999997,242,C,PAROCHIAL SCHOOL,,IMMACULATA CLASSICAL ACADEMY,440 ZORN AVE,LOUISVILLE,KY,40206,365-3545,IMMACULATA,http://immaculata.org/
1249945.81625,266326.622500002,243,E,PRIVATE SCHOOL,,MONTESSORI TORAH ACADEMY,4615 LOWE RD,LOUISVILLE,KY,40220,290-5186,MONTESORRI TORAH,htpps://montessoritorah.org/
1200487.78375,275766.232500002,244,E,JCPS,182,WILLIAM H PERRY ELEMENTARY,755 DIXIE HIGHWAY,LOUISVILLE,KY,40210, , ,
1209054.58499999,273244.152500004,245,H,JCPS,454,KELLER SCHOOL,911 S BROOK ST,LOUISVILLE,KY,40292,583-0420,KELLER,
1226945.4975,258294.787499994,246,S,JCPS,191,W.E.B. DUBOIS HIGH,3901 ATKINSON SQUARE DR,LOUISVILLE,KY,40218,485-7600,W.E.B. DUBOIS HIGH,https://www.jefferson.kyschools.us/schools/profiles/web-dubois-academy
1221935.75,250849.797499999,247,H,JCPS,30,LIBERTY HIGH,1281 GILMORE LN,LOUISVILLE,KY,40213,485-7100,LIBERTY,https://www.jefferson.kyschools.us/schools/profiles/liberty-high-school
1255745.33875,282779.846249998,248,H,JCPS,150,AUDUBON YOUTH DEVELOPMENT CTR.,8711 LA GRANGE RD,LOUISVILLE,KY,40242,429-7287,AUDUBON CENTER,
1289856.185,258780.870000005,249,M,JCPS,255,ECHO TRAIL MIDDLE SCHOOL,2601 ECHO TRAIL,LOUISVILLE,KY,40245, ,ECHO TRAIL,
